{
  "generated_at": "2026-04-24T02:44:07",
  "script_path": "/home/xianz/huazhongbei/anamorphosis/generate_patterns.py",
  "rerun_command": "python /home/xianz/huazhongbei/anamorphosis/generate_patterns.py",
  "page": {
    "size_mm": [
      210.0,
      297.0
    ],
    "dpi": 200,
    "bounds_mm": {
      "x_min": -105.0,
      "x_max": 105.0,
      "y_min": -148.5,
      "y_max": 148.5
    }
  },
  "selected_geometry": {
    "x0": 0.0,
    "y0": 40.0,
    "R": 22.0,
    "H": 180.0,
    "xv": 0.0,
    "yv": -200.0,
    "zv": 140.0,
    "y_img": 75.0,
    "z_img_center": 12.0,
    "page_margin_mm": 5.0,
    "cylinder_clearance_mm": 3.0
  },
  "search_results": {
    "fig3": {
      "score": 1.0687905645623816,
      "ray_fraction": 1.0,
      "paper_fraction": 0.99609375,
      "plane_height_mm": 34.0,
      "plane_width_mm": 22.666666666666668,
      "bbox_width_mm": 198.82794654453198,
      "bbox_height_mm": 99.28297742407521,
      "bbox_x_min_mm": -99.41397327226599,
      "bbox_x_max_mm": 99.41397327226599,
      "bbox_y_min_mm": -109.6942947539031,
      "bbox_y_max_mm": -10.411317329827881,
      "median_condition": 3.100540094567158,
      "std_log_area_scale": 0.3965960449823719
    },
    "fig4": {
      "score": 1.0695503162769462,
      "ray_fraction": 1.0,
      "paper_fraction": 0.8766025641025641,
      "plane_height_mm": 28.0,
      "plane_width_mm": 51.69230769230769,
      "bbox_width_mm": 199.87441944851395,
      "bbox_height_mm": 235.61356181483495,
      "bbox_x_min_mm": -99.93720972425697,
      "bbox_x_max_mm": 99.93720972425697,
      "bbox_y_min_mm": -100.02543245793768,
      "bbox_y_max_mm": 135.58812935689727,
      "median_condition": 3.322435586980309,
      "std_log_area_scale": 0.468931878194611
    }
  },
  "top_geometry_candidates": [
    {
      "geometry": {
        "x0": 0.0,
        "y0": 40.0,
        "R": 22.0,
        "H": 180.0,
        "xv": 0.0,
        "yv": -200.0,
        "zv": 140.0,
        "y_img": 75.0,
        "z_img_center": 12.0,
        "page_margin_mm": 5.0,
        "cylinder_clearance_mm": 3.0
      },
      "total_score": 2.138340880839328,
      "accepted": true,
      "jobs": {
        "fig3": {
          "score": 1.0687905645623816,
          "ray_fraction": 1.0,
          "paper_fraction": 0.99609375,
          "plane_height_mm": 34.0,
          "plane_width_mm": 22.666666666666668,
          "bbox_width_mm": 198.82794654453198,
          "bbox_height_mm": 99.28297742407521,
          "bbox_x_min_mm": -99.41397327226599,
          "bbox_x_max_mm": 99.41397327226599,
          "bbox_y_min_mm": -109.6942947539031,
          "bbox_y_max_mm": -10.411317329827881,
          "median_condition": 3.100540094567158,
          "std_log_area_scale": 0.3965960449823719
        },
        "fig4": {
          "score": 1.0695503162769462,
          "ray_fraction": 1.0,
          "paper_fraction": 0.8766025641025641,
          "plane_height_mm": 28.0,
          "plane_width_mm": 51.69230769230769,
          "bbox_width_mm": 199.87441944851395,
          "bbox_height_mm": 235.61356181483495,
          "bbox_x_min_mm": -99.93720972425697,
          "bbox_x_max_mm": 99.93720972425697,
          "bbox_y_min_mm": -100.02543245793768,
          "bbox_y_max_mm": 135.58812935689727,
          "median_condition": 3.322435586980309,
          "std_log_area_scale": 0.468931878194611
        }
      }
    },
    {
      "geometry": {
        "x0": 0.0,
        "y0": 40.0,
        "R": 22.0,
        "H": 180.0,
        "xv": 0.0,
        "yv": -200.0,
        "zv": 130.0,
        "y_img": 75.0,
        "z_img_center": 12.0,
        "page_margin_mm": 5.0,
        "cylinder_clearance_mm": 3.0
      },
      "total_score": 2.134429442085823,
      "accepted": true,
      "jobs": {
        "fig3": {
          "score": 1.0750235515797495,
          "ray_fraction": 1.0,
          "paper_fraction": 0.9973958333333334,
          "plane_height_mm": 32.0,
          "plane_width_mm": 21.333333333333332,
          "bbox_width_mm": 197.46442607080834,
          "bbox_height_mm": 99.77398883582765,
          "bbox_x_min_mm": -98.73221303540417,
          "bbox_x_max_mm": 98.73221303540417,
          "bbox_y_min_mm": -113.30363798039957,
          "bbox_y_max_mm": -13.529649144571927,
          "median_condition": 2.8958152862139923,
          "std_log_area_scale": 0.4009595496039005
        },
        "fig4": {
          "score": 1.0594058905060735,
          "ray_fraction": 1.0,
          "paper_fraction": 0.8509615384615384,
          "plane_height_mm": 28.0,
          "plane_width_mm": 51.69230769230769,
          "bbox_width_mm": 199.75480077051506,
          "bbox_height_mm": 247.27203213898338,
          "bbox_x_min_mm": -99.87740038525753,
          "bbox_x_max_mm": 99.87740038525753,
          "bbox_y_min_mm": -105.86834986566977,
          "bbox_y_max_mm": 141.40368227331362,
          "median_condition": 3.1015020863185314,
          "std_log_area_scale": 0.4823627840378255
        }
      }
    },
    {
      "geometry": {
        "x0": 0.0,
        "y0": 40.0,
        "R": 20.0,
        "H": 180.0,
        "xv": 0.0,
        "yv": -200.0,
        "zv": 140.0,
        "y_img": 75.0,
        "z_img_center": 12.0,
        "page_margin_mm": 5.0,
        "cylinder_clearance_mm": 3.0
      },
      "total_score": 2.127916910894723,
      "accepted": true,
      "jobs": {
        "fig3": {
          "score": 1.0625237029537806,
          "ray_fraction": 1.0,
          "paper_fraction": 0.9973958333333334,
          "plane_height_mm": 32.0,
          "plane_width_mm": 21.333333333333332,
          "bbox_width_mm": 199.53180660863296,
          "bbox_height_mm": 95.68577570826288,
          "bbox_x_min_mm": -99.76590330431648,
          "bbox_x_max_mm": 99.76590330431648,
          "bbox_y_min_mm": -102.67881050812308,
          "bbox_y_max_mm": -6.993034799860194,
          "median_condition": 3.3286213963774474,
          "std_log_area_scale": 0.38127244057337684
        },
        "fig4": {
          "score": 1.0653932079409425,
          "ray_fraction": 1.0,
          "paper_fraction": 0.905448717948718,
          "plane_height_mm": 24.0,
          "plane_width_mm": 44.30769230769231,
          "bbox_width_mm": 199.87564679851033,
          "bbox_height_mm": 194.5968730257511,
          "bbox_x_min_mm": -99.93782339925517,
          "bbox_x_max_mm": 99.93782339925517,
          "bbox_y_min_mm": -90.49219460141535,
          "bbox_y_max_mm": 104.10467842433576,
          "median_condition": 3.5468272513156194,
          "std_log_area_scale": 0.32321519046700814
        }
      }
    },
    {
      "geometry": {
        "x0": 0.0,
        "y0": 50.0,
        "R": 20.0,
        "H": 180.0,
        "xv": 0.0,
        "yv": -200.0,
        "zv": 140.0,
        "y_img": 85.0,
        "z_img_center": 12.0,
        "page_margin_mm": 5.0,
        "cylinder_clearance_mm": 3.0
      },
      "total_score": 2.1230855203407883,
      "accepted": true,
      "jobs": {
        "fig3": {
          "score": 1.0628975347514025,
          "ray_fraction": 1.0,
          "paper_fraction": 1.0,
          "plane_height_mm": 30.0,
          "plane_width_mm": 20.0,
          "bbox_width_mm": 195.82950863504982,
          "bbox_height_mm": 91.73787398901182,
          "bbox_x_min_mm": -97.91475431752491,
          "bbox_x_max_mm": 97.91475431752491,
          "bbox_y_min_mm": -92.0781590115648,
          "bbox_y_max_mm": -0.34028502255297255,
          "median_condition": 3.2552154428966937,
          "std_log_area_scale": 0.36366802402688936
        },
        "fig4": {
          "score": 1.0601879855893859,
          "ray_fraction": 1.0,
          "paper_fraction": 0.8942307692307693,
          "plane_height_mm": 24.0,
          "plane_width_mm": 44.30769230769231,
          "bbox_width_mm": 198.87243692845098,
          "bbox_height_mm": 200.45600246631665,
          "bbox_x_min_mm": -99.43621846422549,