{
  "R": {
    "values": [
      10.0,
      13.0,
      16.0,
      19.0,
      22.0,
      25.0,
      28.0,
      31.0,
      34.0,
      37.0,
      40.0
    ],
    "ssim": [
      -0.254816371382707,
      -0.2545945896142244,
      -0.2532177891488841,
      -0.24990690523211168,
      -0.2456859208731893,
      -0.2449010848395041,
      -0.24661220022457153,
      -0.24509723836365035,
      -0.24502055815681986,
      -0.24127724678338555,
      -0.23932697577081205
    ],
    "label": "圆柱半径R (mm)"
  },
  "H": {
    "values": [
      40.0,
      52.0,
      64.0,
      76.0,
      88.0,
      100.0,
      112.0,
      124.0,
      136.0,
      148.0,
      160.0
    ],
    "ssim": [
      -0.15990951169728776,
      -0.1906964406029343,
      -0.2097299447589643,
      -0.23574652642023786,
      -0.26934985695459246,
      -0.2778284242166141,
      -0.27942858520176694,
      -0.2863650426154955,
      -0.29539802078866656,
      -0.30283868172776296,
      -0.29612413292456957
    ],
    "label": "圆柱高度H (mm)"
  },
  "phi": {
    "values": [
      150.0,
      155.0,
      160.0,
      165.00000000000003,
      170.0,
      175.0,
      180.0,
      185.0,
      190.0,
      194.99999999999997,
      199.99999999999997,
      205.0,
      210.0
    ],
    "ssim": [
      -0.24191256010192086,
      -0.24351435419972975,
      -0.24473551060646015,
      -0.24504349942728612,
      -0.24629191647793322,
      -0.24680999308338503,
      -0.24874536968103922,
      -0.2498903531813664,
      -0.25304645804909515,
      -0.2545774014854211,
      -0.25735231071109926,
      -0.25973133551310273,
      -0.2607353617208807
    ],
    "label": "方位角φ (°)"
  },
  "alpha": {
    "values": [
      45.0,
      48.0,
      50.99999999999999,
      54.0,
      57.0,
      59.99999999999999,
      63.0,
      65.99999999999999,
      69.0,
      71.99999999999999,
      74.99999999999999
    ],
    "ssim": [
      -0.17865178826114939,
      -0.18741634927794454,
      -0.20507569582338026,
      -0.20827457290290177,
      -0.22584207564602926,
      -0.24874536968103922,
      -0.2738530265028982,
      -0.2764335715473286,
      -0.2841440920586924,
      -0.30049047477894447,
      -0.2872304989013957
    ],
    "label": "俯仰角α (°)"
  },
  "x0": {
    "values": [
      95.0,
      97.0,
      99.0,
      101.0,
      103.0,
      105.0,
      107.0,
      109.0,
      111.0,
      113.0,
      115.0
    ],
    "ssim": [
      -0.25784497195531025,
      -0.2564743728566644,
      -0.25472724678152814,
      -0.2528506193773073,
      -0.25091470431186347,
      -0.24874536968103922,
      -0.2462728394547065,
      -0.2439620286312485,
      -0.2421906319051166,
      -0.240970347422685,
      -0.2404994568678524
    ],
    "label": "圆柱位置x0 (mm)"
  },
  "sensitivity_coefficients": {
    "R": 0.012412684678879442,
    "H": 0.1350608490943978,
    "alpha": 1.9301244054405384,
    "x0": -0.48985415368977686
  }
}